{"cameraMode":{"drawMode":0,"name":"Shaded","section":"Shading Mode"},"sceneLighting":true,"audioPlay":false,"sceneViewState":{"showFog":false,"showMaterialUpdate":false,"showSkybox":false,"showFlares":false,"showImageEffects":false,"showParticleSystems":false},"in2DMode":false,"pivot":{"x":-0.03233502805233002,"y":0.06081956624984741,"z":-0.060540735721588138},"rotation":{"x":0.005676930770277977,"y":0.972039520740509,"z":-0.23356138169765473,"w":0.023625869303941728},"size":0.9859108328819275,"orthographic":false}